content,topic label,topic name,language
deadass finna download Iï¸t,0,bank_account,
Show Out - Juicy J.. Draco- Future.. Bank Account or Bad Business- 21 Savage.. Rockstar-post Malone... Gucci Gang-Lil pump,0,bank_account,
I got the pin to his bank account. SIS,0,bank_account,
Student loans? From your community college? For your undergrad associates? If you donâ€™t use your kids taxes for that lil $5k,1,credit_card,
I've been using a credit union credit card my whole adult life and now I've missed out on a shit ton of points....,1,credit_card,
So what is going on with my online banking?,2,online_banking,
Worst online banking ever never works,2,online_banking,
Generosity and humility means accepting the apologies of others without judgement.,3,others,
" Close, first he has to enslave the women, slaughter the children and then rape the goats. After that his job will be done.",3,others,
